OBJECTID,NAME,FIRE_ID,SHAPE.AREA,SHAPE.LEN
1673,EMERADO RURAL FIRE DEPARTMENT,1591,0.028710692468928302,0.8116631354679599
1866,SENTINEL BUTTE FIRE PROTECTION DISTRICT,4491,0.0715593045635145,1.1979436866236899
1693,HARVEY FIRE PROTECTION DISTRICT,2381,0.14201573385590402,2.0106876011335397
1850,TAYLOR FIRE PROTECTION DISTRICT,4791,0.06678691773217581,1.8255477403291598
1649,UNCLAIMED,0000,0.00217956180988278,0.21563027136537102
1844,NEW SALEM FIRE PROTECTION DISTRICT,3761,0.136540335950215,2.4811290694685297
1713,UNCLAIMED,0000,0.00200768400698518,0.26577437301532597
1651,HOPE FIRE PROTECTION DISTRICT,2571,0.0921117339437299,1.8404165408007498
1703,FINGAL FIRE PROTECTION DISTRICT,1731,0.0213579864179338,0.6685482388320099
1638,CRYSTAL FIRE PROTECTION DISTRICT,1191,0.023119846747116098,0.7851793547037831
1838,TURTLE LAKE FIRE PROTECTION DISTRICT,4921,0.102547903916102,1.8416633737646098
1751,NEW ENGLAND FIRE PROTECTION DISTRICT,3721,0.16643175462263998,2.33090721254211
1632,LANGDON FIRE PROTECTION DISTRICT,2901,0.123689918886709,1.60756855007654
1764,STERLING FIRE PROTECTION DISTRICT,4681,0.12345377058802401,1.45323186029976
1755,MOTT FIRE PROTECTION DISTRICT,3601,0.174441081244535,2.10494644552103
1802,FORTUNA FIRE PROTECTION DISTRICT,1861,0.0622191806577245,1.1271178376754298
1642,UNCLAIMED,0000,0.00557359699449728,0.474202423892274
1788,JAMESTOWN FIRE PROTECTION DISTRICT,2631,0.244439597120988,2.45516391153067
1890,UNCLAIMED,0000,0.0396084790206578,1.80287089385673
1906,WALES FIRE DEPARTMENT,5070,0.014284186666821401,0.480239469880255
1717,FORT RANSOM FIRE PROTECTION DISTRICT,1831,0.0335254659310283,0.9405993027492611
1871,ZAP FIRE PROTECTION DISTRICT,5391,0.0404691650464768,1.25888930383362
1759,ELGIN FIRE PROTECTION DISTRICT,1551,0.112494874538859,1.714616381604
1776,GACKLE RURAL FIRE DEPARTMENT,1931,0.072406928504885,1.40768153467146
1730,MOORETON FIRE PROTECTION DISTRICT,3591,0.023805969674959102,0.784995092984803
1825,DEERING FIRE PROTECTION DISTRICT,1261,0.0278109950611528,0.8725695580188281
1863,KRAMER FIRE PROTECTION DISTRICT,2841,0.033021090864273,0.866829713690657
1692,DAZEY FIRE PROTECTION DISTRICT,1251,0.0402284044255737,1.05041389247515
1898,ALEXANDER FIRE PROTECTION DISTRICT,0081,0.22931058761261203,3.0616571986454897
1667,MICHIGAN FIRE PROTECTION DISTRICT,3481,0.06858940991649519,1.55732638659593
1770,STREETER FIRE PROTECTION DISTRICT,4721,0.0814613180719698,2.0105750753682896
1774,PETTIBONE RURAL FIRE DEPARTMENT,4041,0.0715362168455655,1.3271869736178599
1848,SOUTH HEART FIRE PROTECTION DISTRICT,4591,0.097304664831607,1.64445905637414
1846,GLEN ULLIN FIRE PROTECTION DISTRICT,2061,0.12288762240091901,2.25636212026985
1885,SOUTHWEST FIRE PROTECTION DISTRICT,4611,0.0350780570443537,0.952229801484882
1735,ARGUSVILLE FIRE PROTECTION DISTRICT,0231,0.0129756573009762,0.668715692480431
1661,GRAFTON FIRE PROTECTION DISTRICT,2121,0.0746208146156153,1.63750037218276
1795,NEW ROCKFORD RURAL FIRE,3751,0.115492554001187,1.91757072345076
1687,ST JOHN FIRE PROTECTION DISTRICT,4381,0.0396014121273296,1.0908347956887798
1800,MOHALL FIRE PROTECTION DISTRICT,3561,0.07462414683869721,1.3954477474810099
1904,RAY FIRE PROTECTION DISTRICT,4171,0.0843309054432099,1.43772749128656
1796,SOURIS FIRE PROTECTION DISTRICT,4571,0.06279645038200081,1.39001840859892
1808,GRENORA FIRE PROTECTION DISTRICT,2191,0.16475304743328997,1.8048471957580399
1637,ST THOMAS FIRE PROTECTION DISTRICT,4401,0.042634037530553906,0.91077800793232
1837,MERCER FIRE PROTECTION DISTRICT,3461,0.0441335463893821,1.1418668858968901
1775,FREDONIA FIRE PROTECTION DISTRICT,1901,0.0436956034341341,0.850088834812553
1604,SHEYENNE RURAL FIRE DEPARTMENT,4531,0.048799091958457705,1.4648388245280002
1855,TIOGA RURAL FIRE DEPARTMENT,4841,0.137221908113414,2.01848280177873
1650,ANETA FIRE PROTECTION DISTRICT,0181,0.05447087944740601,1.27897164775562
1761,UNCLAIMED,0000,0.000160602262307878,0.0511695068292593
1772,MEDINA FIRE PROTECTION DISTRICT,3411,0.0701693525868528,1.1890982610418799
1696,GLENFIELD FIRE PROTECTION DISTRICT,2051,0.049191780802460304,1.2290944760074098
1818,MINOT AIR FORCE BASE,????,0.00156565389540021,0.204433377808865
1714,ENDERLIN FIRE PROTECTION DISTRICT,1621,0.0757375069854794,1.8291338755890298
1644,EDMORE RURAL FIRE DEPARTMENT,1511,0.0703221488867692,1.46045104902736
1756,REGENT FIRE PROTECTION DISTRICT,4201,0.13176961889778602,1.98336312862819
1666,LANKIN FIRE PROTECTION DISTRICT,2911,0.030150968967889703,0.938351401028754
1887,SOLEN FIRE PROTECTION DISTRICT,4561,0.0746452732376293,1.58775564262489
1813,CARPIO FIRE PROTECTION DISTRICT,0861,0.0741447507842493,1.6016671547611498
1615,STARKWEATHER FIRE PROTECTION DISTRICT,4661,0.07025793848392639,1.391169437494
1744,GOLVA FIRE PROTECTION DISTRICT,2081,0.0973583577744758,1.41228004623003
1749,BOWMAN RURAL FIRE DEPARTMENT,0631,0.137093687143764,1.76015110744554
1654,FERRY TOWNSHIP FIRE PROTECTION DISTRICT,1705,0.060093098596532404,1.7171576943785198
1729,MANTADOR FIRE PROTECTION DISTRICT,3291,0.0182509824368969,0.614978394157622
1852,HEBRON FIRE PROTECTION DISTRICT,2471,0.113997569774785,1.79155346491763
1643,BROCKET-LAWTON FIRE PROTECTION DISTRICT,0701,0.0626685609692423,1.17231975460866
1628,ROCKLAKE FIRE PROTECTION DISTRICT,4261,0.09040393710655781,1.8414824531177199
1606,TOLNA FIRE PROTECTION DISTRICT,4871,0.0665033546353027,1.1625832505407598
1716,KATHRYN FIRE PROTECTION DISTRICT,2711,0.012792878231547499,0.510749371370528
1833,RYDER-MAKOTI FIRE PROTECTION DISTRICT,4361,0.11422363478347501,1.78874702849817
1616,BUXTON FIRE PROTECTION DISTRICT,0791,0.047737036281655,1.3390476151971098
1602,MINNEWAUKAN FIRE PROTECTION DISTRICT,3521,0.0589335402266081,1.30721433169069
1792,SYKESTON FIRE PROTECTION DISTRICT,4761,0.0552267460294188,1.03086610384809
1718,LISBON FIRE PROTECTION DISTRICT,3071,0.0969426593570581,1.9504494128611998
1884,STRASBURG FIRE PROTECTION DISTRICT,4701,0.0967241621780691,2.0727709260391696
1725,FORMAN - HAVANNA FIRE PROTECTION DISTRICT,1811,0.045467192056896095,1.20804302818681
1691,HANNAFORD RURAL FIRE DEPARTMENT,2321,0.0482571805009307,1.27660121121958
1674,LARIMORE RURAL FIRE DEPARTMENT,2931,0.0748502979953201,1.64115410454125
1625,HATTON FIRE PROTECTION DISTRICT,2411,0.052503139609835305,1.3302051273457398
1840,PLAZA FIRE PROTECTION DISTRICT,4081,0.0941693952499993,1.6343550551294
1899,TRENTON FIRE PROTECTION DISTRICT,4901,0.00969258588141845,0.489881812490074
1897,SIOUX-YELLOWSTONE FIRE PROTECTION DISTRICT,4551,0.0353598166706069,0.975080356563055
1824,GRANVILLE FIRE PROTECTION DISTRICT,2161,0.0888493125922922,1.5877903876191901
1900,ARNEGARD FIRE PROTECTION DISTRICT,0241,0.06534256662794741,1.59216967912322
1869,WEST DUNN FIRE PROTECTION DISTRICT,5151,0.24851521999658802,2.5431582424719
1677,PETERSBURG FIRE PROTECTION DISTRICT,4031,0.034595353928381305,0.824139022234137
1856,STANLEY FIRE PROTECTION DISTRICT,4641,0.208663490987307,2.5776769552765697
1867,BILLINGS COUNTY FIRE PROTECTION DISTRICT,0501,0.36824970692708203,2.66647382201106
1765,WING FIRE PROTECTION DISTRICT,5301,0.11617007985423,1.49722978573597
1815,DONNYBROOK FIRE PROTECTION DISTRICT,1361,0.0507236350523739,1.20337353734962
1664,FAIRDALE FIRE PROTECTION DISTRICT,1671,0.032568693190616,1.1213157842384698
1879,WILTON FIRE PROTECTION DISTRICT,5271,0.138549120460517,1.94737924639596
1636,OSNABROCK FIRE PROTECTION DISTRICT,3931,0.046886852534513704,1.4523353303070001
1910,TOLLEY FIRE DEPARTMENT,4860,0.0686373961730768,1.1523786448806
1903,MCKENZIE COUNTY FIRE PROTECTION DISTRICT,3191,0.274544989837723,3.21218137929497
1816,BERTHOLD FIRE PROTECTION DISTRICT,0491,0.0935280227325868,1.7801134923070998
1672,UNCLAIMED,0000,0.00055860315799843,0.12384381858530699
1806,PORTAL FIRE PROTECTION DISTRICT,4101,0.014801497160909999,0.646809384152172
1894,UNDERWOOD FIRE PROTECTION DISTRICT,4941,0.06999894422082309,1.6657142873811999
1618,FORBES FIRE PROTECTION DISTRICT,1781,0.0327187965681693,0.8490591903585659
1778,EDGELEY RURAL FIRE DEPARTMENT,1491,0.11377522125126499,1.68215317321545
1742,FAIRMOUNT FIRE PROTECTION DISTRICT,1691,0.041666027779848895,1.0593781159645
1835,GOODRICH FIRE PROTECTION DISTRICT,2091,0.107026012453488,1.47177960776974
1763,UNCLAIMED,0000,0.00426044525730809,0.455899470938935
1872,GRAND FORKS FIRE DEPARTMENT,2130,0.00588429507538649,0.448794325132416
1702,BUFFALO FIRE PROTECTION DISTRICT,0731,0.0428678505882077,0.8489905924544799
1773,UNCLAIMED,0000,0.00734846433586463,0.42681792886874204
1694,FESSENDEN FIRE PROTECTION DISTRICT,1711,0.09135304886132589,1.67125509854979
1739,CHRISTINE FIRE PROTECTION DISTRICT,0991,0.0142480217259275,0.871902686167899
1605,WARWICK FIRE PROTECTION DISTRICT,5101,0.0254620263239381,0.654880208798391
1768,NAPOLEON FIRE PROTECTION DISTRICT,3661,0.15603335055509202,2.38795563468631
1639,HOOPLE FIRE PROTECTION DISTRICT,2561,0.023807995558414802,0.848527447023711
1704,ALICE FIRE PROTECTION DISTRICT,0101,0.021751146893851003,0.692193364325858
1785,CLEVELAND FIRE PROTECTION DISTRICT,1011,0.0729217849647598,1.22502077244997
1889,CARSON FIRE PROTECTION DISTRICT,0881,0.129605253797378,2.2118166018199896
1883,LINTON FIRE PROTECTION DISTRICT,3061,0.140243481413853,2.29523073366703
1695,BINFORD FIRE PROTECTION DISTRICT,0521,0.0511948438491745,1.0779598137513098
1868,HORSE CREEK FIRE PROTECTION DISTRICT,2591,0.0564060260777677,0.985841097176424
1655,MINTO FIRE PROTECTION DISTRICT,3541,0.060764686714537004,1.490834567754
1608,ESMOND FIRE PROTECTION DISTRICT,1661,0.100497892989287,1.6851892461216997
1707,CASSELTON RURAL FIRE DEPARTMENT,0901,0.117573731160797,1.67000170807456
1892,OLIVER COUNTY FIRE PROTECTION DISTRIST,3891,0.12462602717028701,1.8919473449588597
1603,MADDOCK FIRE PROTECTION DISTRICT,3221,0.0819326896953937,1.76343675854826
1681,ROLETTE FIRE PROTECTION DISTRICT,4281,0.0785631430115499,1.46439963039796
1682,WOLFORD FIRE PROTECTION DISTRICT,5321,0.0491491050825119,1.13102259636762
1752,REEDER FIRE PROTECTION DISTRICT,4181,0.0942397334783185,1.37927514661458
1896,BEULAH FIRE PROTECTION DISTRICT,0511,0.104632662547666,1.8133359571605798
1610,PEKIN FIRE PROTECTION DISTRICT,3991,0.0257669799884608,0.7201040421540461
1620,LEHR RURAL FIRE DEPARTMENT,3001,0.06351876129125161,1.75393604286441
1626,HUNTER FIRE PROTECTION DISTRICT,2601,0.0321550074991822,1.29118037245902
1736,HARWOOD FIRE PROTECTION AND RESCUE,2391,0.00409596965754105,0.363595144212986
1699,EDNA FIRE PROTECTION DISTRICT,2971,0.0128761448594183,0.5360114127946489
1799,SHERWOOD FIRE PROTECTION DISTRICT,4521,0.06638752265705611,1.4057069773831798
1663,EDINBURG FIRE PROTECTION DISTRICT,1501,0.0362751179193588,1.0283348064013198
1731,GREAT BEND FIRE PROTECTION DISTRICT,2181,0.0221068695943441,0.7085284027711231
1658,MILTON FIRE PROTECTION DISTRICT,3511,0.0354136625033167,0.959036466027094
1601,OBERON RURAL FIRE DEPARTMENT,3881,0.018834019594792303,0.600092744122354
1757,NEW LEIPZIG FIRE PROTECTION DISTRICT,3741,0.10746660251793899,1.9557331607463
1842,UNCLAIMED,0000,0.00182007229765278,0.212224925454504
1911,SPIRIT LAKE FIRE DEPARTMENT,4621,0.0770809336730852,1.31287450936374
1660,DRAYTON RURAL FIRE DEPARTMENT,1411,0.0535967978995543,1.6306115880205
1640,PARK RIVER FIRE PROTECTION DISTRICT,3971,0.0398201533557328,1.30984222861243
1881,BISMARCK FIRE PROTECTION DISTRICT,0541,0.13023771876386,1.70027414572583
1874,GARRISON FIRE PROTECTION DISTRICT,1981,0.0028772952034528303,0.329590957383926
1758,CEDAR VALLEY FIRE PROTECTION DISTRICT,0931,0.09721889359556861,2.12423412174667
1809,ALAMO FIRE PROTECTION DISTRICT,0071,0.121875502232023,1.8251900731370998
1762,UNCLAIMED,0000,0.000218919415987235,0.07057514384303269
1611,MCVILLE FIRE PROTECTION DISTRICT,3211,0.0545018726705639,1.1844905022324301
1685,BOTTINEAU FIRE PROTECTION DISTRICT,0591,0.118683785591593,1.7056296113461498
1683,RUGBY FIRE PROTECTION DISTRICT,4331,0.207555712745839,2.45372196839987
1741,DWIGHT FIRE PROTECTION DISTRICT,1471,0.0326266931576364,0.946015115393501
1706,ARTHUR FIRE PROTECTION DISTRICT,0251,0.0292457294847661,0.813005938933953
1701,TOWER CITY FIRE PROTECTION DISTRICT,4881,0.046436738600093,0.9518130095156391
1720,WYNDMERE FIRE PROTECTION DISTRICT,5351,0.0633901125175363,1.25333278535062
1859,HALLIDAY FIRE PROTECTION DISTRICT,2241,0.139663512358637,1.95459188577963
1688,BELCOURT RURAL FIRE DEPARTMENT,0421,0.022187656461894,0.69905059678089
1754,EAST ADAMS FIRE PROTECTION DISTRICT,1481,0.0722127358714249,1.24087825275414
1686,DUNSEITH FIRE PROTECTION DISTRICT,1451,0.07178865235211769,1.17279840676741
1697,UNCLAIMED,0000,0.000927905165629551,0.157336063832223
1670,INKSTER FIRE PROTECTION DISTRICT,2621,0.017403137195844798,0.6361406268838781
1836,MCCLUSKY FIRE PROTECTION DISTRICT,3161,0.153060954666409,2.0899043873148297
1671,GILBY FIRE PROTECTION DISTRICT,2011,0.0487163631665513,1.22817226127853
1669,FORDVILLE FIRE PROTECTION DISTRICT,1791,0.0366323268544732,1.13395538960238
1864,NEWBURG FIRE PROTECTION DISTRICT,3711,0.0438841382345347,1.0142684645101099
1646,EGELAND FIRE PROTECTION DISTRICT,1531,0.036872495610469604,1.0253304962300698
1888,SELFRIDGE FIRE PROTECTION DISTRICT,4471,0.14404211528807,1.80593957996773
1801,UNCLAIMED,0000,0.0363442250318529,0.762583587620918
1876,UNCLAIMED,0000,0.31252631412615706,10.25958906782
1705,ERIE RURAL FIRE DEPARTMENT,1651,0.0110690534781574,0.42831320834295
1880,MANDAN FIRE PROTECTION DISTRICT,3251,0.224892482535776,2.9020361338437
1745,MARMARTH RURAL FIRE DEPARTMENT,3341,0.08488559157297759,2.5435812386736703
1820,GLENBURN FIRE PROTECTION DISTRICT,2041,0.0849045750383468,1.81526313502386
1841,NEW SALEM FIRE PROTECTION DISTRICT,3761,0.000608875940761608,0.11319175177561201
1781,LAMOURE RURAL FIRE DEPARTMENT,2881,0.10264045335185701,1.41550399103255
1784,WIMBLEDON FIRE PROTECTION DISTRICT,5281,0.042356703210907204,1.09941387575302
1829,ANAMOOSE FIRE PROTECTION DISTRICT,0171,0.07943094802079241,1.5734601614583599
1722,GWINNER FIRE PROTECTION DISTRICT,2211,0.0348250691981837,0.994531862336812
1679,ROLLA FIRE PROTECTION DISTRICT,4291,0.07004629072646229,1.3943840786787798
1789,COURTENAY FIRE PROTECTION DISTRICT,1151,0.029947500035471503,0.912107431223356
1905,CENTRAL-BEACH FIRE PROTECTION DISTRICT,0941,0.13762459913255298,1.80568835325435
1791,CARRINGTON RURAL FIRE DEPARTMENT,0871,0.12564494243443802,1.7306445769941399
1750,SCRANTON FIRE PROTECTION DISTRICT,4461,0.100414715539082,1.55153964848029
1877,HAMPDEN FIRE PROTECTION DISTRICT,2291,0.013046421714629499,0.60894529309185
1619,KULM RURAL FIRE DEPARTMENT,2851,0.106553285135654,1.6038411208302
1810,WILDROSE FIRE PROTECTION DISTRICT,5241,0.10436799514403,1.6523525677030098
1647,NEKOMA FIRE PROTECTION DISTRICT,3691,0.030429295233065,0.796576834769856
1847,DICKINSON FIRE PROTECTION DISTRICT,1341,0.11719677632200999,1.5160246811774
1779,LITCHVILLE RURAL FIRE DEPARTMENT,3081,0.059409903218305304,1.20991647195079
1727,LIDGERWOOD FIRE PROTECTION DISTRICT,3041,0.0851232961174676,1.2816750846688698
1712,LISBON FIRE PROTECTION DISTRICT,3071,0.010945112973114601,0.425616984480345
1793,BOWDON RURAL FIRE DEPARTMENT,0611,0.08515624735453191,1.2882610356315298
1861,UNCLAIMED,0000,0.00075905289258861,0.141801977760416
1875,GARRISON FIRE PROTECTION DISTRICT,1981,0.158818937226925,5.03929194658629
1803,CROSBY RURAL FIRE DEPARTMENT,1181,0.09240560189098021,1.3457715986187597
1721,MILNOR FIRE PROTECTION DISTRICT,3501,0.0730933028945477,1.6309729525236298
1839,BUTTE FIRE PROTECTION DISTRICT,0781,0.07577787863678069,1.7840595667555
1617,ASHLEY RURAL FIRE DEPARTMENT,0271,0.129137063723223,2.4852578652017296
1645,MUNICH FIRE PROTECTION DISTRICT,3631,0.0886700593016586,1.46841374816837
1753,HETTINGER FIRE PROTECTION DISTRICT,2521,0.103470803943949,1.45720477516129
1614,CANDO FIRE PROTECTION DISTRICT,0831,0.0927597357235072,1.79792622205161
1633,WALHALLA FIRE PROTECTION DISTRICT,5081,0.08579161833253461,1.5699508208547899
1719,BARNEY FIRE PROTECTION DISTRICT,0361,0.0237606098633903,0.959195150807193
1902,EPPING FIRE PROTECTION DISTRICT,1641,0.0965492535982732,1.5410926645421998
1831,VELVA FIRE PROTECTION DISTRICT,4991,0.10141579603687101,2.1297193130242698
1690,PAGE FIRE PROTECTION DISTRICT,3951,0.063379498716033,1.4258437551506
1613,DEVILS LAKE RURAL FIRE,1311,0.19885172243736202,2.38011248175478
1821,MAXBASS FIRE PROTECTION DISTRICT,3381,0.0417784323436771,0.9737518279975721
1708,DAVENPORT FIRE PROTECTION DISTRICT,1231,0.0247072518857299,0.795463250716101
1737,WEST FARGO RURAL FIRE DEPARTMENT,5161,0.0461736751984536,1.2107177839448
1723,OAKES FIRE PROTECTION DISTRICT,3871,0.134481434118184,1.7069246168002699
1766,TUTTLE FIRE PROTECTION DISTRICT,4931,0.08146797054269381,1.19411633978821
1678,BISBEE FIRE PROTECTION DISTRICT,0531,0.047591713948875,1.3758305227902599
1811,POWERS LAKE FIRE PROTECTION DISTRICT,4121,0.124395892663213,1.7566590788261
1823,TOWNER FIRE PROTECTION DISTRICT,4891,0.11735375024079901,1.64605114288388
1819,BURLINGTON RURAL FIRE DEPARTMENT,0751,0.0278879180039901,0.899153224875118
1675,NORTHWOOD FIRE PROTECTION DISTRICT,3841,0.0704158187781893,1.5070274166278599
1624,PORTLAND FIRE PROTECTION DISTRICT,4111,0.06596451032782931,1.3993022884533401
1747,RHAME FIRE PROTECTION DISTRICT,4221,0.21519052452336998,3.29053314120507
1878,WASHBURN FIRE PROTECTION DISTRICT,5111,0.0858807571465419,1.84921194746137
1659,PEMBINA FIRE DEPARTMENT,4001,0.0303534391530447,1.13198038473074
1668,DAHLEN FIRE PROTECTION DISTRICT,1221,0.017224168788754497,0.556226606943752
1794,CATHAY FIRE PROTECTION DISTRICT,0911,0.0295946588685821,0.8871189458737421
1827,MINOT FIRE PROTECTION DISTRICT,3531,0.0905048547817628,1.49770945624165
1641,PISEK FIRE PROTECTION DISTRICT,4071,0.018375662586521003,0.72460123670615
1635,CAVALIER RURAL FIRE DEPARTMENT,0921,0.110192664238872,1.8359119987892398
1853,GOLDEN VALLEY FIRE PROTECTION DISTRICT,2071,0.050641413334581796,1.40497624095289
1828,DRAKE FIRE PROTECTION DISTRICT,1401,0.103405704108253,2.14474827355256
1817,DES LACS FIRE PROTECTION DISTRICT,1301,0.0317202648782714,0.765942885749958
1901,WILLISTON FIRE PROTECTION DISTRICT,5251,0.178921898494275,2.51414993611419
1652,REYNOLDS FIRE PROTECTION DISTRICT,4211,0.034604846268192296,1.09412344960437
1798,ANTLER FIRE PROTECTION DISTRICT,0191,0.045878933596342396,1.08546619641266
1748,AMIDON FIRE PROTECTION DISTRICT,0161,0.103083773271701,1.40355540465427
1634,NECHE FIRE PROTECTION DISTRICT,3681,0.0361734817703468,1.00748387490433
1760,BRADDOCK FIRE PROTECTION DISTRICT,0641,0.05363547252693641,1.30776095373604
1630,CALVIN FIRE PROTECTION DISTSRICT,0821,0.0287745406322258,0.8924579773139171
1648,FINLEY FIRE PROTECTION DISTRICT,1741,0.07088117753396671,1.53085971148245
1738,HORACE FIRE PROTECTION DISTRICT,2581,0.029863455500752898,1.1294826492998198
1623,UNCLAIMED,0000,0.00231833076235613,0.228647796042862
1665,ADAMS FIRE PROTECTION DISTRICT,0031,0.0430070387980601,1.36741071048086
1771,TAPPEN RURAL FIRE DEPARTMENT,4781,0.0724732052737419,1.5107553182582798
1684,WILLOW CITY FIRE PROTECTION DISTRICT,5261,0.0782960640348005,1.49517779223694
1627,GALESBURG FIRE PROTECTION DISTRICT,1951,0.0254229375083645,0.978960581856858
1631,HANNAH FIRE PROTECTION DISTRICT,2331,0.0269563087380151,0.851083080662723
1790,KENSAL FIRE PROTECTION DISTRICT,2771,0.06270492047293169,1.36666420576957
1865,STEELE FIRE PROTECTION DISTRICT,4671,0.0825392168799009,1.84854181472456
1822,UPHAM FIRE PROTECTION DISTRICT,4961,0.08337571247324911,1.4801994475509
1895,HAZEN FIRE PROTECTION DISTRICT,2451,0.09135577947239751,2.2599014448853696
1709,KINDRED RURAL FIRE DEPARTMENT,2801,0.0254240274107504,0.89034761228061
1908,KENMARE RURAL FIRE DEPARTMENT,2761,2.4123616537405e-6,0.121292018129972
1724,COGSWELL FIRE PROTECTION DISTRICT,1041,0.0464559961466763,1.11813126749275
1715,NOME FIRE PROTECTION DISTRICT,3801,0.019171438019455,0.679046283082028
1733,ELLENDALE FIRE PROTECTION DISTRICT,1561,0.0980173859820292,1.52269079613173
1826,SURREY FIRE PROTECTION DISTRICT,4731,0.011292746684340101,0.433640386919745
1854,NEW TOWN FIRE PROTECTION DISTRICT,3771,0.125317890602021,2.04045610580536
1857,BOWBELS FIRE PROTECTION DISTRICT,0601,0.0808373323941117,1.508031552557
1812,LANSFORD FIRE PROTECTION DISTRICT,2921,0.055788125142147704,1.26138238826339
1891,FLASHER FIRE PROTECTION DISTRICT,1751,0.157678872797867,2.20852396122167
1832,SAWYER FIRE PROTECTION DISTRICT,4451,0.0579755621822585,1.55589201977002
1862,UNCLAIMED,0000,0.00231229346960155,0.304861787802698
1909,KENMARE RURAL FIRE DEPARTMENT,2761,4.342410084441e-6,0.50911542888771
1710,WALCOTT-COLFAX FIRE PROTECTION DISTRICT,5061,0.0473676447999066,1.2731248458509499
1689,COOPERSTOWN RURAL FIRE,1111,0.0838427084527588,1.7257671056512098
1622,ZEELAND FIRE PROTECTION DISTRICT,5401,0.0588677943535051,1.77382245824642
1700,VALLEY CITY RURAL FIRE,4981,0.147023765323899,1.6870839190055298
1743,UNCLAIMED,0000,0.00061477989927615,0.100362185098854
1873,MAX FIRE PROTECTION DISTRICT,3371,0.10440921589305201,2.17702102469367
1780,VERONA RURAL FIRE DEPARTMENT,5021,0.049862241366533805,1.2269986825826
1805,COLUMBUS RURAL FIRE DEPARTMENT,1091,0.0731728920598797,1.08235895693455
1797,WESTHOPE FIRE PROTECTION DISTRICT,5181,0.0649880442246187,1.39091299455688
1740,ABERCROMBIE FIRE PROTECTION DISTRICT,0011,0.0162618792574702,0.832312546066621
1746,MARMARTH RURAL FIRE DEPARTMENT,3341,0.0041613656173336904,0.45917170705390703
1830,KARLSRUHE FIRE PROTECTION DISTRICT,2701,0.0560077603246773,1.4018010588027798
1814,UNCLAIMED,0000,0.0007960182686655561,0.130072418761978
1656,HILLSBORO FIRE AND RESCUE,2541,0.0715946734114689,1.85229385656457
1726,RUTLAND-CAYUGA FIRE PROTECTION DISTRICT,4351,0.0374692556848413,0.955037827025207
1609,LEEDS FIRE PROTECTION DISTRICT,2981,0.126704298400819,2.00032603756042
1769,DAWSON FIRE PROTECTION DISTRICT,1241,0.034169411778125394,1.16618398912815
1804,NOONAN RURAL FIRE DEPARTMENT,3811,0.0599547843866575,1.05479598015926
1728,HANKINSON FIRE PROTECTION DISTRICT,2301,0.043525668160167404,0.871502800493556
1787,PINGREE FIRE PROTECTION DISTRICT,4061,0.020893298091832303,0.757824704361018
1893,STANTON FIRE PROTECTION DISTRICT,4651,0.033645146019378104,1.26585390986779
1845,UNCLAIMED,0000,0.00144796549999459,0.177748668945824
1767,ROBINSON RURAL FIRE DEPARTMENT,4251,0.0698012470651753,1.3217252600879101
1777,JUD FIRE PROTECTION DISTRICT,2681,0.0432521716134502,0.8452479040875299
1680,MYLO FIRE PRTOECTION DISTRICT,3641,0.0384374013392766,0.869474111576376
1657,GRANDIN FIRE PROTECTION DISTRICT,2141,0.0710710926806099,1.7179297528381199
1834,DOUGLAS FIRE PROTECTION DISTRICT,1381,0.016229003420809702,0.688608607704858
1912,TWIN BUTTES FIRE PROTECTION DISTRICT,4911,0.042473252432181606,2.1984184801436597
1698,MCHENRY RURAL FIRE DEPARTMENT,3181,0.0588472541979329,1.11118339160339
1843,ALMONT FIRE PROTECTION DISTRICT,0121,0.050132797427637404,1.6157863637016499
1711,LEONARD FIRE PROTECTION DISTRICT,3021,0.053869797466466,1.3412934504891898
1734,HAGUE FIRE PROTECTION DISTRICT,2221,0.0260309612519746,0.911915389430903
1907,WALES FIRE DEPARTMENT,5070,0.0114007146494623,0.43601638092854994
1621,WISHEK FIRE PROTECTION DISTRICT,5311,0.0983393964981998,2.05056614928935
1870,GRASSY BUTTE FIRE PROTECTION DISTRICT,2171,0.120748946605369,1.94036277756441
1786,WOODWORTH RURAL FIRE DEPARTMENT,5341,0.0781339651661856,1.58135014709848
1782,MARION RURAL FIRE DEPARTMENT,3331,0.08101300278768961,1.4917688450436
1849,GLADSTONE FIRE PROTECTION DISTRICT,2021,0.057942704027772,1.29663342801363
1858,KENMARE RURAL FIRE DEPARTMENT,2761,0.13255799730881102,2.08605215387583
1629,SARLES FIRST PROTECTION DISTRICT,4441,0.032983117180969704,1.04854904052861
1886,FORT YATES FIRE PROTECTION DISTRICT,1871,0.0412043132036951,0.953631389719882
1860,PARSHALL FIRE PROTECTION DISTRICT,3981,0.0836424457954425,1.47247818273863
1851,RICHARDTON FIRE PROTECTION DISTRICT,4231,0.0966883987428733,1.86894987506169
1882,HAZELTON FIRE PROTECTION DISTRICT,2441,0.11028816987986399,2.4123528627020097
1612,MAYVILLE FIRE PROTECTION DISTRICT,3391,0.0288381902551112,0.902210280435044
1807,LIGNITE FIRE PROTECTION DISTRICT,3051,0.0643784957989909,1.1455209308745298
1732,FULLERTON FIRE PROTECTION DISTRICT,1921,0.0259518154352232,0.664666314481343
1662,MOUNTAIN FIRE PROTECTION DISTRICT,3611,0.014608123592545,0.580806616916369
1653,THOMPSON FIRE PROTECTION DISTRICT,4821,0.06470630253142541,1.5173669518219
1676,NAIGARA FIRE PROTECTION DISTRICT,3781,0.036479858219876704,1.0796370756876
1607,LAKOTA FIRE PROTECTION DISTRICT,2871,0.0856421210134284,1.48690160650134
1783,SANBORN FIRE PROTECTION DISTRICT,4411,0.06450281483151721,1.19478591409139
